{"cameraMode":{"drawMode":0,"name":"Shaded","section":"Shading Mode"},"sceneLighting":false,"audioPlay":false,"sceneViewState":{"showFog":true,"showMaterialUpdate":false,"showSkybox":true,"showFlares":true,"showImageEffects":true,"showParticleSystems":true},"in2DMode":false,"pivot":{"x":-39.22967529296875,"y":4.008114814758301,"z":-9.470000267028809},"rotation":{"x":0.0831826850771904,"y":0.7386440634727478,"z":-0.09261467307806015,"w":0.6625014543533325},"size":1.624991774559021,"orthographic":false}