{"cameraMode":{"drawMode":0,"name":"Shaded","section":"Shading Mode"},"sceneLighting":false,"audioPlay":false,"sceneViewState":{"showFog":true,"showMaterialUpdate":false,"showSkybox":true,"showFlares":true,"showImageEffects":true,"showParticleSystems":true},"in2DMode":false,"pivot":{"x":-572.0399169921875,"y":-187.7932586669922,"z":13.329994201660157},"rotation":{"x":0.00041985028656199574,"y":0.9996688365936279,"z":-0.021303454414010049,"w":0.014432534575462342},"size":19.390552520751954,"orthographic":false}