{"cameraMode":{"drawMode":0,"name":"Shaded","section":"Shading Mode"},"sceneLighting":false,"audioPlay":false,"sceneViewState":{"showFog":true,"showMaterialUpdate":false,"showSkybox":true,"showFlares":true,"showImageEffects":true,"showParticleSystems":true},"in2DMode":false,"pivot":{"x":-5.743993759155273,"y":0.9363045692443848,"z":-3.650844097137451},"rotation":{"x":-0.09603715687990189,"y":-0.05132962390780449,"z":0.004890061914920807,"w":-0.9940414428710938},"size":10.894657135009766,"orthographic":false}