{"cameraMode":{"drawMode":0,"name":"Shaded","section":"Shading Mode"},"sceneLighting":false,"audioPlay":false,"sceneViewState":{"showFog":true,"showMaterialUpdate":false,"showSkybox":true,"showFlares":true,"showImageEffects":true,"showParticleSystems":true},"in2DMode":false,"pivot":{"x":24.37000274658203,"y":-0.3700000047683716,"z":-10.100000381469727},"rotation":{"x":-0.3476461172103882,"y":-0.10294890403747559,"z":0.03835605829954147,"w":-0.9311673045158386},"size":1.9171130657196046,"orthographic":false}