{"cameraMode":{"drawMode":0,"name":"Shaded","section":"Shading Mode"},"sceneLighting":false,"audioPlay":false,"sceneViewState":{"showFog":true,"showMaterialUpdate":false,"showSkybox":true,"showFlares":true,"showImageEffects":true,"showParticleSystems":true},"in2DMode":false,"pivot":{"x":0.5220000147819519,"y":0.2809999883174896,"z":0.9179999828338623},"rotation":{"x":-0.011566986329853535,"y":0.8091142177581787,"z":-0.01608085073530674,"w":-0.5873175859451294},"size":1.5913257598876954,"orthographic":false}