{"cameraMode":{"drawMode":0,"name":"Shaded","section":"Shading Mode"},"sceneLighting":false,"audioPlay":false,"sceneViewState":{"showFog":true,"showMaterialUpdate":false,"showSkybox":true,"showFlares":true,"showImageEffects":true,"showParticleSystems":true},"in2DMode":false,"pivot":{"x":-123.44000244140625,"y":4.73799991607666,"z":-6.480000019073486},"rotation":{"x":0.001302262768149376,"y":-0.9886870384216309,"z":0.149739071726799,"w":0.008634645491838456},"size":4.713708877563477,"orthographic":false}