{"cameraMode":{"drawMode":0,"name":"Shaded","section":"Shading Mode"},"sceneLighting":false,"audioPlay":false,"sceneViewState":{"showFog":true,"showMaterialUpdate":false,"showSkybox":true,"showFlares":true,"showImageEffects":true,"showParticleSystems":true},"in2DMode":false,"pivot":{"x":-15.699563980102539,"y":0.2801249921321869,"z":1.1978423595428467},"rotation":{"x":0.12759768962860108,"y":-0.7769696712493897,"z":0.1670786738395691,"w":0.5933984518051148},"size":2.2984426021575929,"orthographic":false}