{"cameraMode":{"drawMode":0,"name":"Shaded","section":"Shading Mode"},"sceneLighting":false,"audioPlay":false,"sceneViewState":{"showFog":true,"showMaterialUpdate":false,"showSkybox":true,"showFlares":true,"showImageEffects":true,"showParticleSystems":true},"in2DMode":false,"pivot":{"x":-572.219970703125,"y":-188.22613525390626,"z":13.338764190673829},"rotation":{"x":0.0076117804273962978,"y":-0.9738281965255737,"z":0.22474147379398347,"w":0.033044375479221347},"size":7.181412220001221,"orthographic":false}