{"cameraMode":{"drawMode":0,"name":"Shaded","section":"Shading Mode"},"sceneLighting":false,"audioPlay":false,"sceneViewState":{"showFog":true,"showMaterialUpdate":false,"showSkybox":true,"showFlares":true,"showImageEffects":true,"showParticleSystems":true},"in2DMode":false,"pivot":{"x":-1.1959799528121949,"y":2.7994298934936525,"z":-1.3779799938201905},"rotation":{"x":-0.032248400151729587,"y":0.9629632234573364,"z":-0.13404518365859986,"w":-0.2317190170288086},"size":9.87659740447998,"orthographic":false}