{"cameraMode":{"drawMode":0,"name":"Shaded","section":"Shading Mode"},"sceneLighting":false,"audioPlay":false,"sceneViewState":{"showFog":true,"showMaterialUpdate":false,"showSkybox":true,"showFlares":true,"showImageEffects":true,"showParticleSystems":true},"in2DMode":false,"pivot":{"x":-5.755167007446289,"y":0.982304573059082,"z":-3.8071963787078859},"rotation":{"x":-0.019669970497488977,"y":-0.716070294380188,"z":-0.020188357681035997,"w":0.6974589824676514},"size":11.726948738098145,"orthographic":false}