{"cameraMode":{"drawMode":0,"name":"Shaded","section":"Shading Mode"},"sceneLighting":false,"audioPlay":false,"sceneViewState":{"showFog":true,"showMaterialUpdate":false,"showSkybox":true,"showFlares":true,"showImageEffects":true,"showParticleSystems":true},"in2DMode":false,"pivot":{"x":0.5189999938011169,"y":1.4529999494552613,"z":-17.716999053955079},"rotation":{"x":-0.027464088052511216,"y":0.22477510571479798,"z":0.00633995933458209,"w":0.9740028977394104},"size":0.39132583141326907,"orthographic":false}