{"cameraMode":{"drawMode":0,"name":"Shaded","section":"Shading Mode"},"sceneLighting":false,"audioPlay":false,"sceneViewState":{"showFog":true,"showMaterialUpdate":false,"showSkybox":true,"showFlares":true,"showImageEffects":true,"showParticleSystems":true},"in2DMode":false,"pivot":{"x":-8.664114952087403,"y":0.27000001072883608,"z":0.8042741417884827},"rotation":{"x":0.12759768962860108,"y":-0.7769696712493897,"z":0.1670786738395691,"w":0.5933984518051148},"size":1.4420735836029053,"orthographic":false}