{"cameraMode":{"drawMode":0,"name":"Shaded","section":"Shading Mode"},"sceneLighting":false,"audioPlay":false,"sceneViewState":{"showFog":true,"showMaterialUpdate":false,"showSkybox":true,"showFlares":true,"showImageEffects":true,"showParticleSystems":true},"in2DMode":false,"pivot":{"x":35.599998474121097,"y":4.920000076293945,"z":69.22999572753906},"rotation":{"x":-0.024100186303257943,"y":-0.3586687743663788,"z":0.009241738356649876,"w":-0.9331080317497253},"size":160.37179565429688,"orthographic":false}