{"cameraMode":{"drawMode":0,"name":"Shaded","section":"Shading Mode"},"sceneLighting":false,"audioPlay":false,"sceneViewState":{"showFog":true,"showMaterialUpdate":false,"showSkybox":true,"showFlares":true,"showImageEffects":true,"showParticleSystems":true},"in2DMode":false,"pivot":{"x":-482.4403076171875,"y":-191.2323455810547,"z":63.82583999633789},"rotation":{"x":0.04664764180779457,"y":0.07876867800951004,"z":-0.0036842350382357837,"w":0.9957941174507141},"size":19.42949104309082,"orthographic":false}