{"cameraMode":{"drawMode":0,"name":"Shaded","section":"Shading Mode"},"sceneLighting":false,"audioPlay":false,"sceneViewState":{"showFog":true,"showMaterialUpdate":false,"showSkybox":true,"showFlares":true,"showImageEffects":true,"showParticleSystems":true},"in2DMode":false,"pivot":{"x":-498.8599853515625,"y":-174.10000610351563,"z":133.5},"rotation":{"x":0.09166644513607025,"y":0.017755459994077684,"z":-0.0015161146875470877,"w":0.9956303238868713},"size":4.749475955963135,"orthographic":false}