{"cameraMode":{"drawMode":0,"name":"Shaded","section":"Shading Mode"},"sceneLighting":false,"audioPlay":false,"sceneViewState":{"showFog":true,"showMaterialUpdate":false,"showSkybox":true,"showFlares":true,"showImageEffects":true,"showParticleSystems":true},"in2DMode":false,"pivot":{"x":-520.5703125,"y":-189.49412536621095,"z":55.28398513793945},"rotation":{"x":0.04664764180779457,"y":0.07876867800951004,"z":-0.0036842350382357837,"w":0.9957941174507141},"size":9.525975227355957,"orthographic":false}