{"cameraMode":{"drawMode":0,"name":"Shaded","section":"Shading Mode"},"sceneLighting":false,"audioPlay":false,"sceneViewState":{"showFog":true,"showMaterialUpdate":false,"showSkybox":true,"showFlares":true,"showImageEffects":true,"showParticleSystems":true},"in2DMode":false,"pivot":{"x":-39.22967529296875,"y":4.008114814758301,"z":-9.470000267028809},"rotation":{"x":0.047455210238695148,"y":-0.9385562539100647,"z":0.14358937740325929,"w":0.31022945046424868},"size":0.859825074672699,"orthographic":false}